{
  "languageModel": {
    "intents": [
      {
        "name": "AlternateFlights",
        "samples": [
          "is there any alternate flight",
          "is there any alternate flight from {fromCity} to {toCity}",
          "suggest any flight from {fromCity} to {toCity} on {mydate}",
          "what are the flight from {fromCity} to {toCity}",
          "Tell me available flights from {fromCity} to {toCity} on {mydate}",
          "alternate flights",
          "search flights from {fromCity} to {toCity}",
          "search flights"
        ],
        "slots": [
          {
            "name": "fromCity",
            "type": "AMAZON.AT_CITY",
            "samples": [
              "{fromCity}",
              "I am travelling from {fromCity}"
            ]
          },
          {
            "name": "toCity",
            "type": "AMAZON.AT_CITY",
            "samples": [
              "{toCity}",
              "I am travelling to {toCity}"
            ]
          },
          {
            "name": "mydate",
            "type": "AMAZON.DATE",
            "samples": [
              "I am travelling on {mydate}"
            ]
          }
        ]
      },
      {
        "name": "AMAZON.CancelIntent",
        "samples": []
      },
      {
        "name": "AMAZON.HelpIntent",
        "samples": []
      },
      {
        "name": "AMAZON.StopIntent",
        "samples": []
      },
      {
        "name": "EarliestFlights",
        "samples": [
          "what are the earliest flight from {fromCity} to {toCity}",
          "earliest flights",
          "suggest early flights",
          "early flight on {mydate}",
          "Please tell early flights from {fromCity} to {toCity}",
          "what are early flights from {fromCity} to {toCity} om {mydate}",
          "what are early flights from {fromCity}",
          "what are early flights from {fromCity} to {toCity}",
          "early flights"
        ],
        "slots": [
          {
            "name": "fromCity",
            "type": "AMAZON.AT_CITY",
            "samples": [
              "{fromCity}"
            ]
          },
          {
            "name": "toCity",
            "type": "AMAZON.AT_CITY",
            "samples": [
              "{toCity}"
            ]
          },
          {
            "name": "mydate",
            "type": "AMAZON.DATE",
            "samples": [
              "{mydate}"
            ]
          }
        ]
      },
      {
        "name": "FlightDelay",
        "samples": [
          "is my flight delayed",
          "flight delay",
          "flight delay from {fromCity} to {toCity} on {mydate}",
          "is flight number {myflightnumber} delayed"
        ],
        "slots": [
          {
            "name": "fromCity",
            "type": "AMAZON.AT_CITY",
            "samples": [
              "{fromCity}",
              "I am travelling from {fromCity}"
            ]
          },
          {
            "name": "toCity",
            "type": "AMAZON.AT_CITY",
            "samples": [
              "{toCity}",
              "I am travelling to {toCity}"
            ]
          },
          {
            "name": "mydate",
            "type": "AMAZON.DATE",
            "samples": [
              "{mydate}",
              "i am travelling on {mydate}"
            ]
          },
          {
            "name": "myflightnumber",
            "type": "AMAZON.Airline"
          }
        ]
      },
      {
        "name": "FlightStatus",
        "samples": [
          "Please check my Flight Status",
          "flight status",
          "what is my flight status",
          "what is the flight status for {flightNumber} on {mydate}",
          "what is flight status for {flightNumber} from {fromCity} to {toCity}",
          "flight timings",
          "what are my flight timings",
          "what are my flight timings for {fromCity} to {toCity}",
          "get the status of flight"
        ],
        "slots": [
          {
            "name": "flightNumber",
            "type": "AMAZON.LITERAL",
            "samples": [
              "My Flight Number is {flightNumber}",
              "{flightNumber}"
            ]
          },
          {
            "name": "mydate",
            "type": "AMAZON.DATE",
            "samples": [
              "{mydate}",
              "my date is {mydate}",
              "date is {mydate}"
            ]
          },
          {
            "name": "fromCity",
            "type": "AMAZON.AT_CITY"
          },
          {
            "name": "toCity",
            "type": "AMAZON.AT_CITY"
          }
        ]
      },
      {
        "name": "Weatherstatus",
        "samples": [
          "how is the weather outside",
          "when I will be in flight then how would be the weather outside",
          "how will be the weather when I will be in flight",
          "how is the weather",
          "how is the weather of {myCity}",
          "what is the weather of my destination",
          "What will be the weather of destination when our flight will reach there",
          "how is the weather of my destination city"
        ],
        "slots": [
          {
            "name": "myCity",
            "type": "AMAZON.AT_CITY",
            "samples": [
              "{myCity}",
              "I am travelling from {myCity}",
              "I am travelling to {myCity}"
            ]
          }
        ]
      }
    ],
    "invocationName": "daily travel"
  },
  "prompts": [
    {
      "id": "Elicit.Intent-AlternateFlights.IntentSlot-fromCity",
      "variations": [
        {
          "type": "PlainText",
          "value": "from which city you are planning to travel"
        }
      ]
    },
    {
      "id": "Elicit.Intent-AlternateFlights.IntentSlot-toCity",
      "variations": [
        {
          "type": "PlainText",
          "value": "To which city are you planning to travel"
        }
      ]
    },
    {
      "id": "Elicit.Intent-AlternateFlights.IntentSlot-mydate",
      "variations": [
        {
          "type": "PlainText",
          "value": "Please tell on which date you are planning to travel"
        }
      ]
    },
    {
      "id": "Elicit.Intent-EarliestFlights.IntentSlot-fromCity",
      "variations": [
        {
          "type": "PlainText",
          "value": "from which city you are travelling"
        }
      ]
    },
    {
      "id": "Elicit.Intent-EarliestFlights.IntentSlot-toCity",
      "variations": [
        {
          "type": "PlainText",
          "value": "to which city you are travelling"
        }
      ]
    },
    {
      "id": "Elicit.Intent-EarliestFlights.IntentSlot-mydate",
      "variations": [
        {
          "type": "PlainText",
          "value": "on which date you are planning to travel"
        }
      ]
    },
    {
      "id": "Elicit.Intent-FlightDelay.IntentSlot-fromCity",
      "variations": [
        {
          "type": "PlainText",
          "value": "From which city you are travelling"
        }
      ]
    },
    {
      "id": "Elicit.Intent-FlightDelay.IntentSlot-toCity",
      "variations": [
        {
          "type": "PlainText",
          "value": "To which city you are travelling"
        }
      ]
    },
    {
      "id": "Elicit.Intent-FlightDelay.IntentSlot-mydate",
      "variations": [
        {
          "type": "PlainText",
          "value": "on which date you are travelling"
        },
        {
          "type": "PlainText",
          "value": "Please tell you flight date"
        }
      ]
    },
    {
      "id": "Elicit.Intent-FlightDelay.IntentSlot-myflightnumber",
      "variations": [
        {
          "type": "PlainText",
          "value": "Please tell your flight number"
        },
        {
          "type": "PlainText",
          "value": "Hi buddy. What is your flight number"
        }
      ]
    },
    {
      "id": "Elicit.Intent-FlightStatus.IntentSlot-flightNumber",
      "variations": [
        {
          "type": "PlainText",
          "value": "What is you Flight Number"
        },
        {
          "type": "PlainText",
          "value": "Please tell your Flight Number"
        }
      ]
    },
    {
      "id": "Elicit.Intent-FlightStatus.IntentSlot-mydate",
      "variations": [
        {
          "type": "PlainText",
          "value": "Please tell your flight date"
        },
        {
          "type": "PlainText",
          "value": "Please tell your travelling date"
        }
      ]
    },
    {
      "id": "Elicit.Intent-Weatherstatus.IntentSlot-myCity",
      "variations": [
        {
          "type": "PlainText",
          "value": "Please tell the city name"
        }
      ]
    }
  ],
  "dialog": {
    "intents": [
      {
        "name": "AlternateFlights",
        "confirmationRequired": false,
        "prompts": {},
        "slots": [
          {
            "name": "fromCity",
            "type": "AMAZON.AT_CITY",
            "elicitationRequired": true,
            "confirmationRequired": false,
            "prompts": {
              "elicitation": "Elicit.Intent-AlternateFlights.IntentSlot-fromCity"
            }
          },
          {
            "name": "toCity",
            "type": "AMAZON.AT_CITY",
            "elicitationRequired": true,
            "confirmationRequired": false,
            "prompts": {
              "elicitation": "Elicit.Intent-AlternateFlights.IntentSlot-toCity"
            }
          },
          {
            "name": "mydate",
            "type": "AMAZON.DATE",
            "elicitationRequired": true,
            "confirmationRequired": false,
            "prompts": {
              "elicitation": "Elicit.Intent-AlternateFlights.IntentSlot-mydate"
            }
          }
        ]
      },
      {
        "name": "EarliestFlights",
        "confirmationRequired": false,
        "prompts": {},
        "slots": [
          {
            "name": "fromCity",
            "type": "AMAZON.AT_CITY",
            "elicitationRequired": true,
            "confirmationRequired": false,
            "prompts": {
              "elicitation": "Elicit.Intent-EarliestFlights.IntentSlot-fromCity"
            }
          },
          {
            "name": "toCity",
            "type": "AMAZON.AT_CITY",
            "elicitationRequired": true,
            "confirmationRequired": false,
            "prompts": {
              "elicitation": "Elicit.Intent-EarliestFlights.IntentSlot-toCity"
            }
          },
          {
            "name": "mydate",
            "type": "AMAZON.DATE",
            "elicitationRequired": true,
            "confirmationRequired": false,
            "prompts": {
              "elicitation": "Elicit.Intent-EarliestFlights.IntentSlot-mydate"
            }
          }
        ]
      },
      {
        "name": "FlightDelay",
        "confirmationRequired": false,
        "prompts": {},
        "slots": [
          {
            "name": "fromCity",
            "type": "AMAZON.AT_CITY",
            "elicitationRequired": true,
            "confirmationRequired": false,
            "prompts": {
              "elicitation": "Elicit.Intent-FlightDelay.IntentSlot-fromCity"
            }
          },
          {
            "name": "toCity",
            "type": "AMAZON.AT_CITY",
            "elicitationRequired": true,
            "confirmationRequired": false,
            "prompts": {
              "elicitation": "Elicit.Intent-FlightDelay.IntentSlot-toCity"
            }
          },
          {
            "name": "mydate",
            "type": "AMAZON.DATE",
            "elicitationRequired": true,
            "confirmationRequired": false,
            "prompts": {
              "elicitation": "Elicit.Intent-FlightDelay.IntentSlot-mydate"
            }
          },
          {
            "name": "myflightnumber",
            "type": "AMAZON.Airline",
            "elicitationRequired": true,
            "confirmationRequired": false,
            "prompts": {
              "elicitation": "Elicit.Intent-FlightDelay.IntentSlot-myflightnumber"
            }
          }
        ]
      },
      {
        "name": "FlightStatus",
        "confirmationRequired": false,
        "prompts": {},
        "slots": [
          {
            "name": "flightNumber",
            "type": "AMAZON.LITERAL",
            "elicitationRequired": true,
            "confirmationRequired": false,
            "prompts": {
              "elicitation": "Elicit.Intent-FlightStatus.IntentSlot-flightNumber"
            }
          },
          {
            "name": "mydate",
            "type": "AMAZON.DATE",
            "elicitationRequired": true,
            "confirmationRequired": false,
            "prompts": {
              "elicitation": "Elicit.Intent-FlightStatus.IntentSlot-mydate"
            }
          },
          {
            "name": "fromCity",
            "type": "AMAZON.AT_CITY",
            "elicitationRequired": false,
            "confirmationRequired": false,
            "prompts": {}
          },
          {
            "name": "toCity",
            "type": "AMAZON.AT_CITY",
            "elicitationRequired": false,
            "confirmationRequired": false,
            "prompts": {}
          }
        ]
      },
      {
        "name": "Weatherstatus",
        "confirmationRequired": false,
        "prompts": {},
        "slots": [
          {
            "name": "myCity",
            "type": "AMAZON.AT_CITY",
            "elicitationRequired": true,
            "confirmationRequired": false,
            "prompts": {
              "elicitation": "Elicit.Intent-Weatherstatus.IntentSlot-myCity"
            }
          }
        ]
      }
    ]
  }
}